,energy,intensity
0,5089.1,2.1e-05
1,5147.1,0.000231
2,5253.2,2.94e-05
3,5296.9,0.0005124
4,5329.9,0.0018774
5,5351.8,0.0007308
6,5495.5,3.15e-05
7,5558.6,0.0001176
8,5610.3,0.0002688
9,5650.6,0.0002772
